index,provider ID,provider name,provider category,provider location,flow ID,flow name,flow category,flow unit,flow type,provider_key
1,d6ad7035-5498-3237-8abd-50e93b1eef89,"Diesel, combusted in industrial equipment","22: Utilities/2213: Water, Sewage and Other Systems",RNA,d815ff18-015c-3afb-be18-be03bdf325da,"Diesel, combusted in industrial equipment","Technosphere flows/22: Utilities/2213: Water, Sewage and Other Systems",m3,product,"diesel, combusted in industrial equipment"
3,1e4fd434-9cd2-402a-8ebf-43891d0dd591,"Steam, purchased by containerboard mills","22: Utilities/2213: Water, Sewage and Other Systems",RNA,caca451d-e5df-4bf4-91f8-2c4be75af6dc,"Steam, purchased by containerboard mills","Technosphere flows/22: Utilities/2213: Water, Sewage and Other Systems",MJ,product,"steam, purchased by containerboard mills"
4,a8b6bb7c-0274-41de-8385-ef5f8a03f9bf,"Natural gas, processed, for material use, at plant","21: Mining, Quarrying, and Oil and Gas Extraction/2111: Oil and Gas Extraction",,c837f7c6-1f8d-4f62-ade8-4f2a73b41b1a,"Natural gas, production mixture, to material use","Technosphere flows/21: Mining, Quarrying, and Oil and Gas Extraction/2111: Oil and Gas Extraction",kg,product,"natural gas, processed, for material use, at plant"
5,f347daea-82be-4e62-8872-a0dc0ca24ca3,"Natural gas, combusted in industrial boiler","22: Utilities/2213: Water, Sewage and Other Systems",RNA,ea8515c5-e3d4-4f42-a856-67a9b85b30a0,"Natural gas, combusted in industrial boiler","Technosphere flows/22: Utilities/2213: Water, Sewage and Other Systems",m3,product,"natural gas, combusted in industrial boiler"
6,d549cd32-3e84-327e-86e8-452772ff7c56,"LPG, combusted in industrial boiler, at pulp and paper mill (EXCL.)","31-33: Manufacturing/3221: Pulp, Paper, and Paperboard Mills",RNA,4c536a81-63c3-3f13-9e03-4dae3da1a6df,"LPG, combusted in industrial boiler, at pulp and paper mill (EXCL.)","Technosphere flows/31-33: Manufacturing/3221: Pulp, Paper, and Paperboard Mills",m3,product,"lpg, combusted in industrial boiler, at pulp and paper mill (excl.)"
7,0d4adbb3-81bb-45c5-bf26-734c76ff3108,"Hydrochloric acid, HCl; MDI coproduct; at plant, 100% HCl",31-33: Manufacturing/3251: Basic Chemical Manufacturing,RNA,c3019f2c-8e84-4f0d-9529-093d2d0ae5e1,"Hydrochloric acid, at plant, kg",Technosphere flows/31-33: Manufacturing/3251: Basic Chemical Manufacturing,kg,product,"hydrochloric acid, hcl; mdi coproduct; at plant, 100% hcl"
8,a3e150d0-770e-4e2a-9b19-f7daa8cda38b,Chlorine; chlor-alkali electrolysis; at plant,31-33: Manufacturing/3251: Basic Chemical Manufacturing,US,d12c4a32-12a8-4673-9b14-5d227d2a128e,Sodium hydroxide; at plant,Technosphere flows/31-33: Manufacturing/3251: Basic Chemical Manufacturing,kg,product,chlorine; chlor-alkali electrolysis; at plant
9,bbb59026-6f14-46f6-9e3d-bc60ed8d45c5,"Sodium hypochlorite, 15% in H2O, at plant Bridge; USLCI to USEEIO",Bridge Processes/USLCI to USEEIO,,4b455c7c-4815-3015-bf95-1e4db4959a2e,"Sodium hypochlorite, 15% in H2O, at plant",Technosphere flows/31-33: Manufacturing/3251: Basic Chemical Manufacturing,kg,product,"sodium hypochlorite, 15% in h2o, at plant bridge; uslci to useeio"
10,7509b8fa-8b80-4e74-aa02-0555088add91,Process water (cut-off),Z1: Background,,113ceccf-60f5-32ee-952a-39d70ecb38c6,"Water, process",Technosphere flows/CUTOFF Flows,kg,product,process water (cut-off)
12,063f4c92-8583-49bf-9d5e-ca6795b52ece,"Solid waste treatment, sanitary landfill (cut-off)",Z1: Background,,b6b68953-2753-4660-b084-44d07e1bde58,"Disposal, solid waste to sanitary landfill",Technosphere flows/CUTOFF Flows/CUTOFF Waste Flows,kg,waste,"solid waste treatment, sanitary landfill (cut-off)"
18,70d2004a-9f80-48ce-a86c-50e85dd6a637,"Petroleum refined, for material use, at plant",31-33: Manufacturing/3241: Petroleum and Coal Products Manufacturing,,3671e08b-0f5d-423e-9805-3cbd3f7b909a,"Petroleum refined, to material use, at refinery",Technosphere flows/31-33: Manufacturing/3241: Petroleum and Coal Products Manufacturing,kg,product,"petroleum refined, for material use, at plant"
19,3ca7a144-e2f3-4963-8c63-768cf0853cee,"Petroleum refined, for energy use, at plant",31-33: Manufacturing/3241: Petroleum and Coal Products Manufacturing,,b022d34e-2838-4494-8a84-9b6aa57e575a,"Petroleum refined, to energy use, at refinery",Technosphere flows/31-33: Manufacturing/3241: Petroleum and Coal Products Manufacturing,kg,product,"petroleum refined, for energy use, at plant"
20,d3db6ab2-33de-453b-ac74-0567ba7fa95b,"Natural gas, processed, for energy use, at plant","21: Mining, Quarrying, and Oil and Gas Extraction/2111: Oil and Gas Extraction",,1a34bf95-f897-4af9-b70c-368fce9e41d6,"Natural gas, production mixture, to energy use","Technosphere flows/21: Mining, Quarrying, and Oil and Gas Extraction/2111: Oil and Gas Extraction",kg,product,"natural gas, processed, for energy use, at plant"
21,d3e13675-1455-375f-a557-bb8234de75ff,"Gasoline, combusted in equipment","22: Utilities/2213: Water, Sewage and Other Systems",RNA,bc38e349-1ccf-3855-a615-a4f581ab875b,"Gasoline, combusted in equipment","Technosphere flows/22: Utilities/2213: Water, Sewage and Other Systems",m3,product,"gasoline, combusted in equipment"
27,ee8077d4-d28c-46c4-9f15-5b22bce6063d,"Natural gas, production mixture, at processing","21: Mining, Quarrying, and Oil and Gas Extraction/2111: Oil and Gas Extraction",US,1a30ee75-215c-47ab-8927-8d15cdf63407,"Natural gas, production mixture, at processing","Technosphere flows/21: Mining, Quarrying, and Oil and Gas Extraction/2111: Oil and Gas Extraction",kg,product,"natural gas, production mixture, at processing"
32,4eaec911-05e8-304e-b7a6-98ce06fc9820,"Hydrogen, liquid, synthesis gas, at plant",31-33: Manufacturing/3251: Basic Chemical Manufacturing,RNA,f842f7d2-426a-44e0-ae4c-d1c96a977f84,"Hydrogen, at plant",Technosphere flows/31-33: Manufacturing/3251: Basic Chemical Manufacturing,kg,product,"hydrogen, liquid, synthesis gas, at plant"
35,c7fec37a-a023-3563-84d6-fa33a6b19f2f,"Corn wet milling, operations, AP-42",31-33: Manufacturing/3112: Grain and Oilseed Milling,RNA,d6bfc1d8-069b-3604-9685-9ed45c6dfce4,"Corn wet milling, operations, AP-42",Technosphere flows/31-33: Manufacturing/3112: Grain and Oilseed Milling,kg,product,"corn wet milling, operations, ap-42"
43,520ecb54-7b55-42ca-97c3-4b8192189356,"Ethylene, materials production, organic compound, at plant, kg",31-33: Manufacturing/3251: Basic Chemical Manufacturing,US,ec1bf0d1-ff71-4960-aa0f-9fc87c14f972,"Ethylene, at plant, kg",Technosphere flows/31-33: Manufacturing/3241: Petroleum and Coal Products Manufacturing,kg,product,"ethylene, materials production, organic compound, at plant, kg"
46,a3e150d0-770e-4e2a-9b19-f7daa8cda38b,Chlorine; chlor-alkali electrolysis; at plant,31-33: Manufacturing/3251: Basic Chemical Manufacturing,US,8db1425d-16fb-4003-98f5-1d12d5995feb,Chlorine; chlor-alkali electrolysis; at plant,Technosphere flows/31-33: Manufacturing/3251: Basic Chemical Manufacturing,kg,product,chlorine; chlor-alkali electrolysis; at plant
47,363e9105-a6ea-356e-a537-06c9facf5b14,Aniline; at plant,31-33: Manufacturing/3251: Basic Chemical Manufacturing,RNA,2293e639-39a3-3cbf-99cc-8cf01797aa99,"Aniline, at plant",Technosphere flows/31-33: Manufacturing/3251: Basic Chemical Manufacturing,kg,product,aniline; at plant
48,e0368d96-44a3-3628-8220-e6ae975b0931,"Carbon monoxide, at plant",31-33: Manufacturing/3251: Basic Chemical Manufacturing,RNA,0461a6e2-75a9-36af-8e1a-c9ad9dcdb99d,"Carbon monoxide, at plant",Technosphere flows/31-33: Manufacturing/3251: Basic Chemical Manufacturing,kg,product,"carbon monoxide, at plant"
59,53804132-4bd6-3b18-bfbd-14ac762431ef,"Diesel, combusted in industrial boiler","22: Utilities/2213: Water, Sewage and Other Systems",RNA,e04995fa-935b-316c-b112-5b436c8ea3d6,"Diesel, combusted in industrial boiler","Technosphere flows/22: Utilities/2213: Water, Sewage and Other Systems",m3,product,"diesel, combusted in industrial boiler"
63,26465530-69ff-3c68-834f-c67ccb6ee1b2,"Bituminous coal, combusted in industrial boiler","22: Utilities/2213: Water, Sewage and Other Systems",RNA,73cd1596-214d-3403-87f1-f69fc3818886,"Bituminous coal, combusted in industrial boiler","Technosphere flows/22: Utilities/2213: Water, Sewage and Other Systems",kg,product,"bituminous coal, combusted in industrial boiler"
64,9d9b6815-9349-30af-869b-57362428c42e,"Residual fuel oil, combusted in industrial boiler","22: Utilities/2213: Water, Sewage and Other Systems",RNA,654a5cf6-185f-3d91-89ef-42442d1825e8,"Residual fuel oil, combusted in industrial boiler","Technosphere flows/22: Utilities/2213: Water, Sewage and Other Systems",m3,product,"residual fuel oil, combusted in industrial boiler"
65,7a2565f8-4a48-3263-9bc9-bcb28dbd58ad,"Oxygen, liquid, at plant",31-33: Manufacturing/3251: Basic Chemical Manufacturing,RNA,055e3f80-da33-3f27-be5f-8d0c59872b9a,"Oxygen, liquid, at plant",Technosphere flows/31-33: Manufacturing/3251: Basic Chemical Manufacturing,kg,product,"oxygen, liquid, at plant"
66,a3e150d0-770e-4e2a-9b19-f7daa8cda38b,Chlorine; chlor-alkali electrolysis; at plant,31-33: Manufacturing/3251: Basic Chemical Manufacturing,US,f842f7d2-426a-44e0-ae4c-d1c96a977f84,"Hydrogen, at plant",Technosphere flows/31-33: Manufacturing/3251: Basic Chemical Manufacturing,kg,product,chlorine; chlor-alkali electrolysis; at plant
67,5ad4d191-c3b5-47ba-8ed6-1e446cd6e547,"Wastewater treatment; Conventional plug flow activated sludge, Level 1; at plant","22: Utilities/2213: Water, Sewage and Other Systems",US,08ede23b-a073-4a7a-8552-48eeb63c4291,"Wastewater treatment level 1; Conventional plug flow activated sludge aggregate, solids reduction; at plant","Technosphere flows/22: Utilities/2213: Water, Sewage and Other Systems",m3,waste,"wastewater treatment; conventional plug flow activated sludge, level 1; at plant"
70,0aaf1e13-5d80-37f9-b7bb-81a6b8965c71,"Petroleum refining, at refinery",31-33: Manufacturing/3241: Petroleum and Coal Products Manufacturing,US,0e44e579-abb0-3c77-af64-c774d65be529,"Gasoline, at refinery",Technosphere flows/31-33: Manufacturing/3241: Petroleum and Coal Products Manufacturing,m3,product,"petroleum refining, at refinery"
71,49e563d8-0cea-3f97-96b8-15787be48b91,"Limestone, at mine","21: Mining, Quarrying, and Oil and Gas Extraction/2123: Nonmetallic Mineral Mining and Quarrying",RNA,8fe57bef-7504-3270-8dbd-13c0df6ddaac,"Limestone, at mine","Technosphere flows/21: Mining, Quarrying, and Oil and Gas Extraction/2123: Nonmetallic Mineral Mining and Quarrying",kg,product,"limestone, at mine"
77,a591c53f-ce67-41da-b0c1-65b6d91a1a43,"Steel; hot rolled coil, at plant",31-33: Manufacturing/3311: Iron and Steel Mills and Ferroalloy Manufacturing,RNA,e8fbfbfb-24e9-49a6-a047-41f1646bf7f7,"Steel; hot rolled coil, at plant",Technosphere flows/31-33: Manufacturing/3311: Iron and Steel Mills and Ferroalloy Manufacturing,kg,product,"steel; hot rolled coil, at plant"
79,951c8e45-9267-36fc-873b-9af0718574e4,"Concrete Pipe, 78"" inch diameter; at plant; per linear foot",31-33: Manufacturing/3273: Cement and Concrete Product Manufacturing,US,0cc2880f-3b52-31dd-9eee-5f73b654e3c4,"Concrete Pipe, 78""",Technosphere flows/31-33: Manufacturing/3273: Cement and Concrete Product Manufacturing,m,product,"concrete pipe, 78"" inch diameter; at plant; per linear foot"
80,caa2304b-be86-4977-97e7-781898344b4c,Concrete Bridge; USLCI to USEEIO ,Bridge Processes/USLCI to USEEIO,,76b18b27-d602-4ae2-a959-d12738c429c2,"Concrete, at plant",Technosphere flows/31-33: Manufacturing/3273: Cement and Concrete Product Manufacturing,m3,product,concrete bridge; uslci to useeio
81,7cab87cf-094d-45b8-805e-f39f5ba8e9dc,"Excavation, hydraulic digger Bridge; USLCI to USEEIO",Bridge Processes/USLCI to USEEIO,,efbe47b7-245f-3a4c-8a58-31c224d89591,"Excavation, hydraulic digger","Technosphere flows/31-33: Manufacturing/3331: Agriculture, Construction, and Mining Machinery Manufacturing",m3,product,"excavation, hydraulic digger bridge; uslci to useeio"
101,0aaf1e13-5d80-37f9-b7bb-81a6b8965c71,"Petroleum refining, at refinery",31-33: Manufacturing/3241: Petroleum and Coal Products Manufacturing,US,d939590b-a0d7-310c-8952-9921ed64a078,"Diesel, at refinery",Technosphere flows/31-33: Manufacturing/3241: Petroleum and Coal Products Manufacturing,m3,product,"petroleum refining, at refinery"
104,9c0c2415-126f-3162-8479-f002f315a8c7,"Quicklime, at plant",31-33: Manufacturing/3274: Lime and Gypsum Product Manufacturing,RNA,c34c4451-297f-3b5c-a15f-2c16cdb52ad9,"Quicklime, at plant",Technosphere flows/31-33: Manufacturing/3274: Lime and Gypsum Product Manufacturing,kg,product,"quicklime, at plant"
105,1b6afe73-a064-33a3-87b0-265ae10851e9,"Sulfuric acid, at plant",31-33: Manufacturing/3251: Basic Chemical Manufacturing,RNA,f867896e-830f-31f9-975d-465b212262ef,"Sulfuric acid, at plant",Technosphere flows/31-33: Manufacturing/3251: Basic Chemical Manufacturing,kg,product,"sulfuric acid, at plant"
110,6b0d74c7-e880-4b93-aa2f-b777ac183f84,"Methanol, at plant, kg",31-33: Manufacturing/3251: Basic Chemical Manufacturing,RNA,ae69b712-d8d2-41ef-a2c1-fb477807f742,"Methanol, at plant, kg",Technosphere flows/31-33: Manufacturing/3251: Basic Chemical Manufacturing,kg,product,"methanol, at plant, kg"
111,f83a8736-b5cb-4602-a715-ab24b222d210,Cooling water,Z1: Background,,346bebdd-05a4-42c7-9262-06f167d08238,cooling water,,kg,product,cooling water
115,1654c887-0b9c-3434-b9c1-371e3adb3dde,"Phosphorous fertilizer, production mix, at plant","31-33: Manufacturing/3253: Pesticide, Fertilizer, and Other Agricultural Chemical Manufacturing",RNA,91feb044-e771-35a3-a81f-ac076c5f9b83,"Phosphorous fertilizer, production mix, at plant","Technosphere flows/31-33: Manufacturing/3253: Pesticide, Fertilizer, and Other Agricultural Chemical Manufacturing",kg,product,"phosphorous fertilizer, production mix, at plant"
116,3dd59224-ecba-3fb1-a2c9-9c01947b08b1,"Enzyme, Cellulase, Novozyme Celluclast",31-33: Manufacturing/3251: Basic Chemical Manufacturing,RER,644ee222-fe19-3f61-a4ed-5258d34ff2eb,"Enzyme, Cellulase, Novozyme Celluclast",Technosphere flows/31-33: Manufacturing/3251: Basic Chemical Manufacturing,kg,product,"enzyme, cellulase, novozyme celluclast"
117,68f4d066-5043-34cc-a944-5041732f8e7a,Corn steep liquor,31-33: Manufacturing/3112: Grain and Oilseed Milling,RNA,96adbc9c-2708-34ab-86af-18ae6560f616,Corn steep liquor,Technosphere flows/31-33: Manufacturing/3112: Grain and Oilseed Milling,kg,product,corn steep liquor
118,f002e825-5cb6-3949-be51-863c7fe5d5da,"Wheat straw, at conversion plant, 2022",48-49: Transportation and Warehousing/4842: Specialized Freight Trucking,RNA,a5bc9414-9680-3334-a74a-7e833f576ed9,"Wheat straw, at conversion plant",Technosphere flows/48-49: Transportation and Warehousing/4842: Specialized Freight Trucking,kg,product,"wheat straw, at conversion plant, 2022"
119,5198d618-7bc8-3639-b4a1-de71d6d5f49a,"Combustion, wet wood residue, AP-42","22: Utilities/2213: Water, Sewage and Other Systems",RNA,e76b9e39-7437-3612-98bc-6940592ebf2a,"Combustion, wet wood residue, AP-42","Technosphere flows/22: Utilities/2213: Water, Sewage and Other Systems",MJ,product,"combustion, wet wood residue, ap-42"
120,9ee66dd5-dcc9-3e94-9da3-3a7cc6cddeb3,"Hydrochloric acid, without water, in 30% solution state, at plant ",31-33: Manufacturing/3251: Basic Chemical Manufacturing,RNA,1a0678a7-09b1-339d-8f05-259a14f0ab84,"Hydrochloric acid, without water, in 30% solution state, at plant ",Technosphere flows/31-33: Manufacturing/3251: Basic Chemical Manufacturing,kg,product,"hydrochloric acid, without water, in 30% solution state, at plant"
122,442ab5b5-32f4-4de0-9aa7-fa989b0579af,"Chemicals organic, at plant Bridge; USLCI to USEEIO",Bridge Processes/USLCI to USEEIO,,400b2d60-d2b9-3e36-a89f-53a7f1349f86,"Chemicals organic, at plant",Technosphere flows/CUTOFF Flows,kg,product,"chemicals organic, at plant bridge; uslci to useeio"
126,d8e8d817-3d15-3d2b-8dd8-3f5b733cd2ad,"Ductile Iron Pipe, 36"" inch diameter; at plant; per linear foot",31-33: Manufacturing/3329: Other Fabricated Metal Product Manufacturing,US,22f37cf3-582b-3f30-8558-5a926eac5af2,"Ductile Iron Pipe, 36""",Technosphere flows/31-33: Manufacturing/3329: Other Fabricated Metal Product Manufacturing,m,product,"ductile iron pipe, 36"" inch diameter; at plant; per linear foot"
127,2013d3cd-dd12-316f-aac9-4983529b083c,"Concrete Pipe, 36"" inch diameter; at plant; per linear foot",31-33: Manufacturing/3273: Cement and Concrete Product Manufacturing,US,54f0ebc7-6b9a-3627-ad73-a798371d7ebd,"Concrete Pipe, 36""",Technosphere flows/31-33: Manufacturing/3273: Cement and Concrete Product Manufacturing,m,product,"concrete pipe, 36"" inch diameter; at plant; per linear foot"
171,dacaeae9-aeed-3366-912d-6a31de09eef9,"Nitrogen fertilizer, production mix, at plant","31-33: Manufacturing/3253: Pesticide, Fertilizer, and Other Agricultural Chemical Manufacturing",RNA,45f1fd00-2093-3e05-9b41-e942b9e8cec9,"Nitrogen fertilizer, production mix, at plant","Technosphere flows/31-33: Manufacturing/3253: Pesticide, Fertilizer, and Other Agricultural Chemical Manufacturing",kg,product,"nitrogen fertilizer, production mix, at plant"
172,9109d57c-8234-3569-a2e6-0e4671b524d9,"Corn grain, at conversion plant, 2022",48-49: Transportation and Warehousing/4842: Specialized Freight Trucking,RNA,2766f5e7-9d42-36cb-8a03-11aa4f7ecd3a,"Corn grain, at conversion plant",Technosphere flows/48-49: Transportation and Warehousing/4842: Specialized Freight Trucking,kg,product,"corn grain, at conversion plant, 2022"
173,88aee762-4aa0-301f-b579-cca5d636aa0d,"Soybean oil, crude, degummed, at plant",31-33: Manufacturing/3112: Grain and Oilseed Milling,RNA,263fb8d0-8df5-3cee-834b-b7e2de1dac4a,"Soy meal, at plant",Technosphere flows/31-33: Manufacturing/3112: Grain and Oilseed Milling,kg,product,"soybean oil, crude, degummed, at plant"
174,1b0f75b8-e749-3eb2-8727-de6a22f60646,"Lignite coal, combusted in industrial boiler","22: Utilities/2213: Water, Sewage and Other Systems",RNA,eb6394c1-0d19-3be3-99ab-ec572dec9926,"Lignite coal, combusted in industrial boiler","Technosphere flows/22: Utilities/2213: Water, Sewage and Other Systems",kg,product,"lignite coal, combusted in industrial boiler"
175,391ccf45-4b61-37e9-a2f2-3e19afc0d4ef,"Enzyme, Alpha-amylase, Novozyme Liquozyme",31-33: Manufacturing/3251: Basic Chemical Manufacturing,RER,00b5c8b4-682d-3000-a2df-246e333f6344,"Enzyme, Alpha-amylase, Novozyme Liquozyme",Technosphere flows/31-33: Manufacturing/3251: Basic Chemical Manufacturing,kg,product,"enzyme, alpha-amylase, novozyme liquozyme"
176,0aaf1e13-5d80-37f9-b7bb-81a6b8965c71,"Petroleum refining, at refinery",31-33: Manufacturing/3241: Petroleum and Coal Products Manufacturing,US,f7c00d19-9601-373a-ba23-593e251b4dee,"Residual fuel oil, at refinery",Technosphere flows/31-33: Manufacturing/3241: Petroleum and Coal Products Manufacturing,m3,product,"petroleum refining, at refinery"
179,3455f918-4a43-3b09-b06e-7402c12b8d45,"Wood waste, unspecified, combusted in industrial boiler","22: Utilities/2213: Water, Sewage and Other Systems",RNA,1a76ed77-b97d-3070-85b7-b1f41906cece,"Wood waste, unspecified, combusted in industrial boiler","Technosphere flows/22: Utilities/2213: Water, Sewage and Other Systems",kg,product,"wood waste, unspecified, combusted in industrial boiler"
182,5a782377-d196-304c-baec-fea559a4dfe2,"Enzyme, Glucoamylase, Novozyme Spirizyme",31-33: Manufacturing/3251: Basic Chemical Manufacturing,RER,d818c190-7b73-33b1-b0d4-9f4339e3b117,"Enzyme, Glucoamylase, Novozyme Spirizyme",Technosphere flows/31-33: Manufacturing/3251: Basic Chemical Manufacturing,kg,product,"enzyme, glucoamylase, novozyme spirizyme"
184,097d2f2c-d006-3b27-84de-98e6a364e411,"Corn wet mill, gluten drying, AP-42",31-33: Manufacturing/3112: Grain and Oilseed Milling,RNA,28b025c1-5897-3e01-8aa2-166cd2c9f86d,"Corn wet mill, gluten drying, AP-42",Technosphere flows/31-33: Manufacturing/3112: Grain and Oilseed Milling,kg,product,"corn wet mill, gluten drying, ap-42"
196,4eec7a31-b920-3f91-b7c3-924f2aa92ecc,"Liquefied petroleum gas, combusted in industrial boiler","22: Utilities/2213: Water, Sewage and Other Systems",RNA,f77da622-e84d-3639-8917-fcf792aaee13,"Liquefied petroleum gas, combusted in industrial boiler","Technosphere flows/22: Utilities/2213: Water, Sewage and Other Systems",m3,product,"liquefied petroleum gas, combusted in industrial boiler"
207,f8513ce4-7415-4495-9d10-5957ab21af04,Drinking water treatment; U.S. Average Treatment; at consumer,"22: Utilities/2213: Water, Sewage and Other Systems",US,9b31b7aa-2f86-4af6-b684-cc066f76aafa,Drinking water treatment; U.S. Average Treatment,"Technosphere flows/22: Utilities/2213: Water, Sewage and Other Systems",m3,product,drinking water treatment; u.s. average treatment; at consumer
219,6c96a609-cd7e-3f19-a151-27deb823d3e4,"Combustion, dry wood residue, AP-42","22: Utilities/2213: Water, Sewage and Other Systems",RNA,405b0729-a9a8-308e-8f24-c6610f59b351,"Combustion, dry wood residue, AP-42","Technosphere flows/22: Utilities/2213: Water, Sewage and Other Systems",MJ,product,"combustion, dry wood residue, ap-42"
222,0853441e-0b11-30f6-87c5-00ca7df78e21,"Heat, indirect, heated zones, softwood, plywood veneer drying, AP-42","31-33: Manufacturing/3212: Veneer, Plywood, and Engineered Wood Product Manufacturing",RNA,4b5cad63-18f1-30c7-ae7c-79f60094c8f0,"Heat, indirect, heated zones, softwood, plywood veneer drying, AP-42","Technosphere flows/31-33: Manufacturing/3212: Veneer, Plywood, and Engineered Wood Product Manufacturing",kg,product,"heat, indirect, heated zones, softwood, plywood veneer drying, ap-42"
223,2753c5de-221b-369a-84de-689d354b8b2d,"Forest residue, preprocessed, at conversion facility",48-49: Transportation and Warehousing/4842: Specialized Freight Trucking,RNA,658f8e12-f566-3e01-930c-e95cf9fa2c2b,"Forest residue, preprocessed, at conversion facility",Technosphere flows/48-49: Transportation and Warehousing/4842: Specialized Freight Trucking,kg,product,"forest residue, preprocessed, at conversion facility"
224,a1c4409b-9e9e-4f3b-bec0-f319fef1e3c5,Zeolite Bridge; USLCI to USEEIO,Bridge Processes/USLCI to USEEIO,,8f395d18-ce0c-39a8-b548-b184a6b9ee68,"Zeolite, powder, at plant",Technosphere flows/CUTOFF Flows,kg,product,zeolite bridge; uslci to useeio
225,309485bd-a13b-4539-a23c-036c0b23b4f5,Silica sand Bridge; USLCI to USEEIO,Bridge Processes/USLCI to USEEIO,,0cc6f1f6-5ff4-36c7-ba84-472348971d75,"Silica sand, at plant","Technosphere flows/21: Mining, Quarrying, and Oil and Gas Extraction/2123: Nonmetallic Mineral Mining and Quarrying",kg,product,silica sand bridge; uslci to useeio
236,1287946e-e5be-46ac-bc69-94867516eb1e,Electricity Mix (Global),Z1: Background,,5f9e4330-20e4-4f3f-94c6-f8fedf7b5ff5,"Electricity, at grid","Technosphere flows/22: Utilities/2211: Electric Power Generation, Transmission and Distribution",MJ,product,electricity mix (global)
237,11256034-2355-3add-ade9-59983025dded,"Corn, whole plant, at field","11: Agriculture, Forestry, Fishing and Hunting/1111: Oilseed and Grain Farming",RNA,8db31b1d-1a59-304c-801f-a3cd8a23ba45,"Corn, at field","Technosphere flows/11: Agriculture, Forestry, Fishing and Hunting/1111: Oilseed and Grain Farming",kg,product,"corn, whole plant, at field"
264,8ccbedef-d726-3fae-a848-a6d41aeab5a4,"Corn stover, at conversion plant, 2022",48-49: Transportation and Warehousing/4842: Specialized Freight Trucking,RNA,01163e75-95cb-3475-9c0d-7d76584078c3,"Corn stover, at conversion plant",Technosphere flows/48-49: Transportation and Warehousing/4842: Specialized Freight Trucking,kg,product,"corn stover, at conversion plant, 2022"
273,5dacfb93-571f-3502-bf9e-1ce678de151d,"Sodium chloride, at plant","21: Mining, Quarrying, and Oil and Gas Extraction/2123: Nonmetallic Mineral Mining and Quarrying",RNA,c28f9211-98eb-3509-95cc-771d8fefae51,"Sodium chloride, at plant","Technosphere flows/21: Mining, Quarrying, and Oil and Gas Extraction/2123: Nonmetallic Mineral Mining and Quarrying",kg,product,"sodium chloride, at plant"
318,6e19103d-ed39-3b71-8c51-0c65b85002a4,"Corn, decomposition, 15.5% moisture","11: Agriculture, Forestry, Fishing and Hunting/1111: Oilseed and Grain Farming",RNA,a3e87cf9-1690-3d33-b60e-695150337e42,"Corn, decomposition","Technosphere flows/11: Agriculture, Forestry, Fishing and Hunting/1111: Oilseed and Grain Farming",kg,product,"corn, decomposition, 15.5% moisture"
319,1cbbcd09-ea17-3d9b-bc34-2cf42efe26ba,"Corn, production, average, US, 2022","11: Agriculture, Forestry, Fishing and Hunting/1111: Oilseed and Grain Farming",RNA,5c3261bf-f870-3ba9-91e0-402b95a94a51,"Corn, production","Technosphere flows/11: Agriculture, Forestry, Fishing and Hunting/1111: Oilseed and Grain Farming",kg,product,"corn, production, average, us, 2022"
367,a0bada1b-1891-46af-81af-90d0664bee40,Formic acid; electrochemical reduction of CO2; at plant,31-33: Manufacturing/3251: Basic Chemical Manufacturing,US,4107270a-4e8d-454c-93c0-0a04531005f3,Formic acid; at plant,Technosphere flows/31-33: Manufacturing/3251: Basic Chemical Manufacturing,kg,product,formic acid; electrochemical reduction of co2; at plant
374,49d309a8-0c93-4eeb-a342-2fe2254a0bec,"Propylene, materials production, organic compound, at plant, kg",31-33: Manufacturing/3251: Basic Chemical Manufacturing,RNA,e86e8b04-8e64-3a17-95c3-04c07229f0ac,"Propylene, at plant",Technosphere flows/31-33: Manufacturing/3241: Petroleum and Coal Products Manufacturing,kg,product,"propylene, materials production, organic compound, at plant, kg"
378,ef1b51dc-8c59-4691-89b4-ed91ffbcb7a1,"Disposal, MSW, to landfill Bridge; USLCI to USEEIO",Bridge Processes/USLCI to USEEIO,,f59a7f62-ebbb-4e2e-8e2c-69eed0e624d2,"Disposal, municipal solid wastes, to sanitary landfill",Technosphere flows/56: Administrative and Support and Waste Management and Remediation Services/5622: Waste Treatment and Disposal,kg,waste,"disposal, msw, to landfill bridge; uslci to useeio"
380,ce83ed94-a5ea-47d4-a52f-43223b22247c,"Crude oil, off-shore import, at extraction","21: Mining, Quarrying, and Oil and Gas Extraction/2111: Oil and Gas Extraction",US,43b6c51f-f1a9-4a6d-8070-fa84adf27d23,"Crude oil, at extraction","Technosphere flows/21: Mining, Quarrying, and Oil and Gas Extraction/2111: Oil and Gas Extraction",kg,product,"crude oil, off-shore import, at extraction"
382,3dd5638d-cb25-4e78-90c7-8dd98188f733,"Crude oil, on-shore domestic, at extraction","21: Mining, Quarrying, and Oil and Gas Extraction/2111: Oil and Gas Extraction",US,43b6c51f-f1a9-4a6d-8070-fa84adf27d23,"Crude oil, at extraction","Technosphere flows/21: Mining, Quarrying, and Oil and Gas Extraction/2111: Oil and Gas Extraction",kg,product,"crude oil, on-shore domestic, at extraction"
383,76048c3b-d6d3-4f3b-8215-87ece218b4a2,"Crude oil, off-shore domestic, at extraction","21: Mining, Quarrying, and Oil and Gas Extraction/2111: Oil and Gas Extraction",US,43b6c51f-f1a9-4a6d-8070-fa84adf27d23,"Crude oil, at extraction","Technosphere flows/21: Mining, Quarrying, and Oil and Gas Extraction/2111: Oil and Gas Extraction",kg,product,"crude oil, off-shore domestic, at extraction"
384,fcbe548c-bcd5-40b2-979c-53df809835f9,"Crude oil, on-shore import, at extraction","21: Mining, Quarrying, and Oil and Gas Extraction/2111: Oil and Gas Extraction",US,43b6c51f-f1a9-4a6d-8070-fa84adf27d23,"Crude oil, at extraction","Technosphere flows/21: Mining, Quarrying, and Oil and Gas Extraction/2111: Oil and Gas Extraction",kg,product,"crude oil, on-shore import, at extraction"
418,4542a69a-4c5f-3967-92da-830361967e0a,Drinking water treatment; Sedimentation; at plant,"22: Utilities/2213: Water, Sewage and Other Systems",US,2004c515-ded5-34c9-be46-3ef4fa43e634,Drinking water treatment; Sedimentation,"Technosphere flows/22: Utilities/2213: Water, Sewage and Other Systems",m3,product,drinking water treatment; sedimentation; at plant
419,d9917668-4941-35a0-a4b4-e920efd60946,Drinking water treatment; Lime addition infrastructure; at plant,"22: Utilities/2213: Water, Sewage and Other Systems",US,8109eada-a732-3e56-8b04-e1dd62bb7d55,Drinking water treatment; Lime addition infrastructure,"Technosphere flows/22: Utilities/2213: Water, Sewage and Other Systems",m3,product,drinking water treatment; lime addition infrastructure; at plant
425,874dc726-50f1-300b-958f-9335fd1c53cd,"White mineral oil, at plant",31-33: Manufacturing/3241: Petroleum and Coal Products Manufacturing,RNA,5b187fd4-1b60-3d48-83b7-bf743efcbd86,"White mineral oil, at plant",Technosphere flows/31-33: Manufacturing/3241: Petroleum and Coal Products Manufacturing,kg,product,"white mineral oil, at plant"
428,c88ec0f8-30f7-482f-8be5-e415789da59f,Wastewater treatment; U.S. Average Treatment; at plant,"22: Utilities/2213: Water, Sewage and Other Systems",US,f15f7a4a-994e-4547-b334-549fa863cd91,Wastewater treatment; U.S. national average; at plant,"Technosphere flows/22: Utilities/2213: Water, Sewage and Other Systems",m3,waste,wastewater treatment; u.s. average treatment; at plant
566,e4a61018-9f98-3049-95c1-33b1acaa904e,"Acetic acid, at plant",31-33: Manufacturing/3251: Basic Chemical Manufacturing,RNA,2c696e73-bd01-3f7b-a6c5-a56dee44d66e,"Acetic acid, at plant",Technosphere flows/31-33: Manufacturing/3251: Basic Chemical Manufacturing,kg,product,"acetic acid, at plant"
593,8a0090ee-4054-322f-a65d-15c8ee6ca915,"Natural gas, combusted in industrial boiler, at hydrocracker, for pyrolysis gas","22: Utilities/2213: Water, Sewage and Other Systems",RNA,ea080df3-3823-3f40-89ed-1a45b561230e,"Natural gas, combusted in industrial boiler, at hydrocracker, for pyrolysis gas","Technosphere flows/22: Utilities/2213: Water, Sewage and Other Systems",m3,product,"natural gas, combusted in industrial boiler, at hydrocracker, for pyrolysis gas"
595,4c6f7612-c4b8-36d1-803a-8fb067b1b319,"Switchgrass, at conversion plant, 2022",48-49: Transportation and Warehousing/4842: Specialized Freight Trucking,RNA,fcca6571-d78a-36ad-812a-9b55de1565d8,"Switchgrass, at conversion plant",Technosphere flows/48-49: Transportation and Warehousing/4842: Specialized Freight Trucking,kg,product,"switchgrass, at conversion plant, 2022"
